Res#,1-letter,3-letter,Peak Status,fit,ymax,yhalf,kd,n_hill
1,M,Met,measured,OK,0.006,0.003,183.265,0.000
2,G,Gly,measured,OK,0.004,0.002,414.119,0.000
3,S,Ser,measured,OK,0.004,0.002,484.578,0.000
4,L,Leu,measured,Failed,,,,
5,S,Ser,measured,OK,0.003,0.001,59.772,1.302
6,S,Ser,measured,Failed,,,,
7,A,Ala,measured,OK,0.004,0.002,382.787,0.000
8,N,Asn,measured,Failed,,,,
9,N,Asn,measured,OK,0.003,0.002,128.810,28.614
10,C,Cys,measured,OK,0.004,0.002,640.966,0.000
11,R,Arg,measured,Failed,,,,
12,R,Arg,measured,Failed,,,,
13,C,Cys,measured,Failed,,,,
14,E,Glu,measured,Failed,,,,
15,T,Thr,measured,OK,0.004,0.002,562.225,0.000
16,M,Met,measured,OK,0.005,0.002,410.383,0.000
17,M,Met,measured,OK,0.006,0.003,331.485,0.000
18,E,Glu,measured,Failed,,,,
19,P,Pro,unassigned,,,,,
20,F,Phe,measured,OK,0.003,0.002,585.614,0.000
21,S,Ser,measured,OK,0.004,0.002,338.378,0.000
22,L,Leu,measured,OK,0.003,0.001,140.544,1.414
23,N,Asn,measured,OK,0.004,0.002,418.552,0.000
24,F,Phe,measured,OK,0.003,0.001,528.271,34.772
25,Q,Gln,measured,Failed,,,,
26,M,Met,measured,Failed,,,,
27,T,Thr,measured,OK,0.002,0.001,131.369,2.573
28,L,Leu,measured,OK,0.003,0.001,115.244,1.372
29,D,Asp,measured,OK,0.003,0.001,199.432,0.000
30,M,Met,measured,Failed,,,,
31,V,Val,measured,OK,0.004,0.002,125.337,29.261
32,C,Cys,measured,Failed,,,,
33,T,Thr,measured,OK,0.002,0.001,17.761,0.983
34,I,Ile,measured,OK,0.002,0.001,206.249,4.228
35,W,Trp,measured,OK,0.006,0.003,457.049,0.000
36,L,Leu,measured,Failed,,,,
37,C,Cys,measured,OK,0.004,0.002,388.959,0.000
38,N,Asn,measured,Failed,,,,
39,S,Ser,measured,OK,0.004,0.002,0.000,0.239
40,F,Phe,measured,Failed,,,,
41,D,Asp,measured,Failed,,,,
42,L,Leu,measured,Failed,,,,
43,W,Trp,measured,Failed,,,,
44,E,Glu,measured,OK,0.003,0.001,101.054,5.769
45,I,Ile,measured,OK,0.002,0.001,180.128,1.980
46,W,Trp,measured,OK,0.003,0.002,236.215,1.952
47,S,Ser,measured,OK,0.006,0.003,121.328,0.000
48,L,Leu,measured,OK,0.006,0.003,362.147,0.000
49,H,His,measured,OK,0.003,0.002,272.901,41.349
50,G,Gly,measured,OK,0.005,0.003,585.278,0.000
51,I,Ile,measured,OK,0.002,0.001,0.000,0.075
52,I,Ile,measured,OK,0.006,0.003,238.859,0.024
53,H,His,measured,Failed,,,,
54,L,Leu,measured,Failed,,,,
55,C,Cys,measured,OK,0.003,0.002,590.982,0.000
56,S,Ser,measured,OK,0.004,0.002,172.636,0.000
57,R,Arg,measured,OK,0.005,0.002,223.905,0.000
58,I,Ile,measured,OK,0.003,0.002,524.218,22.061
59,R,Arg,measured,Failed,,,,
60,M,Met,measured,OK,0.003,0.002,496.353,0.000
61,Y,Tyr,measured,OK,0.002,0.001,416.368,0.000
62,T,Thr,measured,OK,0.004,0.002,371.582,0.000
63,F,Phe,measured,Failed,,,,
64,M,Met,measured,OK,0.004,0.002,193.411,0.000
65,W,Trp,measured,Failed,,,,
66,M,Met,measured,OK,0.004,0.002,361.424,0.000
67,W,Trp,measured,Failed,,,,
68,G,Gly,measured,Failed,,,,
69,C,Cys,measured,Failed,,,,
70,Y,Tyr,measured,Failed,,,,
71,F,Phe,measured,Failed,,,,
72,T,Thr,measured,OK,0.004,0.002,224.608,0.000
73,M,Met,measured,Failed,,,,
74,R,Arg,measured,OK,0.002,0.001,292.984,0.000
75,C,Cys,measured,OK,0.004,0.002,135.895,2.677
76,Q,Gln,measured,OK,0.005,0.003,450.155,0.000
77,R,Arg,measured,OK,0.005,0.002,82.350,0.000
78,N,Asn,measured,OK,0.004,0.002,378.618,0.000
79,Q,Gln,measured,OK,0.004,0.002,442.120,0.000
80,S,Ser,measured,OK,0.003,0.001,627.829,0.000
81,K,Lys,measured,OK,0.004,0.002,207.245,4.191
82,C,Cys,measured,OK,0.004,0.002,389.155,0.000
83,C,Cys,measured,Failed,,,,
84,T,Thr,measured,OK,0.003,0.002,611.501,0.000
85,C,Cys,measured,OK,0.004,0.002,850.766,0.884
86,W,Trp,measured,OK,0.004,0.002,344.324,4.694
87,Y,Tyr,measured,OK,0.001,0.001,126.849,29.926
88,L,Leu,measured,OK,0.004,0.002,459.844,0.000
89,W,Trp,measured,OK,0.005,0.002,510.339,0.000
90,R,Arg,measured,Failed,,,,
91,D,Asp,measured,OK,0.004,0.002,269.120,0.000
92,V,Val,measured,OK,0.004,0.002,400.481,0.000
93,N,Asn,measured,OK,0.003,0.002,232.078,0.000
94,P,Pro,unassigned,,,,,
95,V,Val,measured,OK,0.004,0.002,508.084,0.000
96,R,Arg,measured,OK,0.004,0.002,534.371,0.000
97,I,Ile,measured,OK,0.006,0.003,221.931,0.000
98,L,Leu,measured,OK,0.003,0.002,481.663,0.000
99,Y,Tyr,measured,OK,0.004,0.002,480.943,0.000
100,T,Thr,measured,OK,0.003,0.001,309.757,0.000
